"name","index_year","economic_liberty","property_rights","government_integrity","judicial_effectiveness","tax_burden","government_spending","fiscal_health","business_freedom","labor_freedom","monetary_freedom","trade_freedom","investment_freedom","financial_freedom","happiness_score"
"Afghanistan",2017,0.489,12.6,27.5,28.4,91.6,79.9,97.3,54.2,59.9,69.3,66,0,0,3.79399991035461
"Albania",2017,0.644,54,39.7,28.5,86.9,72.5,51.5,79.3,50.7,81.4,87.7,70,70,4.64400005340576
"Algeria",2017,0.465,38.2,31.7,29.6,81.1,51,19.8,62.1,49.5,67,63.3,35,30,5.87200021743774
"Angola",2017,0.485,36.4,12.8,19.8,87.7,58.6,70.7,58.5,40.4,70.6,56.7,30,40,3.79500007629395
"Argentina",2017,0.504,32.4,38.2,39.6,62.6,54.6,56.4,57.3,46.1,50.9,66.7,50,50,6.59899997711182
"Armenia",2017,0.703,55.5,43.4,42.5,83.7,81.7,82.9,78.5,72.4,72.8,80.2,80,70,4.37599992752075
"Australia",2017,0.81,81.7,74.8,92.9,63.2,59,84.6,89.3,84.1,86.4,86.2,80,90,7.28399991989136
"Austria",2017,0.723,86,75.2,81.8,50.3,19.3,79.7,76.9,67.6,83.4,87,90,70,7.00600004196167
"Azerbaijan",2017,0.636,50.5,37.6,33,87.7,57.5,97.4,71.5,75,73.6,74.4,55,50,5.23400020599365
"Bahrain",2017,0.685,64.2,55.5,53.7,99.9,69.8,12,69.4,78.7,80.7,82.8,75,80,6.08699989318848
"Bangladesh ",2017,0.55,34.9,19.1,26,72.8,94,78.7,53.4,68.7,68.6,63.6,50,30,NA
"Barbados",2017,0.545,55.5,34.3,33,74,39,0,69.6,67.7,83.7,62.2,75,60,NA
"Belarus",2017,0.586,50.9,37.6,56.3,89.8,48.7,92.8,71.3,74.6,60.4,80.6,30,10,5.56899976730347
"Belgium",2017,0.678,83.3,71.5,69.3,44.1,9.6,66.3,82,61.1,84.9,87,85,70,6.89099979400635
"Belize",2017,0.586,43.5,35,48.7,81.3,68.6,60.5,62.7,53.6,79.6,70.1,50,50,5.95599985122681
"Benin",2017,0.592,36,31.3,29.4,68.6,85.9,71.3,51.9,52.4,85.4,68.7,80,50,3.65700006484985
"Bhutan",2017,0.584,60.1,44.7,50.7,83.1,73.6,61.7,72.6,77.6,67.1,60,20,30,5.01100015640259
"Bolivia",2017,0.477,25.7,32.6,15.4,86.1,49.1,81.4,58.9,35.8,66.4,76,5,40,5.82299995422363
"Bosnia and Herzegovina",2017,0.602,41.2,32.7,40,83.5,33.7,89.3,47.4,59.3,84,86.6,65,60,5.18200016021729
"Botswana",2017,0.701,58.1,57.6,54,77.1,61.2,99.4,68.8,68.6,77.9,83.8,65,70,3.76600003242493
"Brazil",2017,0.529,55,33.4,49.7,70.1,53.1,22.8,61.3,52.3,67,69.4,50,50,6.63500022888184
"Brunei Darussalam",2017,0.698,62.5,40.9,39.9,85.6,61.2,100,76.6,90.4,76.1,89.1,65,50,NA
"Bulgaria",2017,0.679,62.5,41.8,38.9,91,58.4,86.4,66.7,68.3,83.3,87,70,60,4.71400022506714
"Burkina Faso",2017,0.596,38.2,31.7,28.4,82.6,82.5,88.4,46.4,53.3,84.6,69.2,70,40,4.03200006484985
"Burma",2017,0.525,23,29.6,12.9,86.2,81.5,89.9,50.1,77.1,65.4,74.2,20,20,NA
"Burundi",2017,0.532,25.7,24.6,19.8,73.8,69.5,69.6,53.5,67.4,75.2,74.2,55,30,2.90499997138977
"Cabo Verde",2017,0.569,42.6,41.8,50.2,78.3,70.7,1.2,65.5,43.2,86.7,68.2,75,60,NA
"Cambodia",2017,0.595,42.4,12.8,22.1,90.2,88.1,95.7,29.6,62,81,80.3,60,50,4.16800022125244
"Cameroon",2017,0.518,43.5,17.4,29.6,75.4,84.4,60.9,44.3,47.8,80.1,53.4,35,50,4.69500017166138
"Canada",2017,0.785,88.3,81.6,80.8,77.4,52.3,80.3,81.9,73.1,77.8,88.4,80,80,7.31599998474121
"Central African Republic",2017,0.518,12.6,28.7,33,65.8,94.1,84.1,27.2,42.7,68.2,55.2,80,30,2.69300007820129
"Chad",2017,0.49,30.6,24.6,24.1,46,87.2,74.6,27.5,44.9,74.3,54.7,60,40,3.93600010871887
"Chile",2017,0.765,68.2,70.5,63.7,77.6,82.2,96.1,72.3,64.3,82.2,86.4,85,70,6.65199995040894
"China",2017,0.574,48.3,41.6,60.7,70,73,92.5,53.9,63.4,71.8,73.6,20,20,5.27299976348877
"Colombia",2017,0.697,63.8,39.6,25.2,80.1,74.2,89.8,77.1,77.9,77,81.6,80,70,6.35699987411499
"Comoros",2017,0.558,37.3,30,22.6,64.6,81.2,98.6,58.5,50.6,81.5,70.2,45,30,NA
"Costa Rica ",2017,0.65,51.6,55.4,55.6,79.4,88.5,42.4,68.1,53.9,80.8,84.7,70,50,NA
"Côte d'Ivoire ",2017,0.63,42.6,34.3,45.8,78.4,84.6,87,62.1,50.6,73.2,72.3,75,50,NA
"Croatia",2017,0.594,65.5,43.4,56.8,66.8,31.3,44.7,58.2,43.3,80.3,87.4,75,60,5.29300022125244
"Cuba",2017,0.339,32.4,41.8,10,51.3,0,81.2,20,20,66,64.5,10,10,NA
"Cyprus",2017,0.679,75.4,53.6,60.7,73,48.8,72.9,75.8,58.6,83.3,87,75,50,5.62099981307983
"Czech Republic",2017,0.733,70.3,55.9,55.9,82.9,45.3,92,67.2,77.7,85.8,87,80,80,6.60900020599365
"Democratic Republic of Congo",2017,0.564,40.6,28.6,48.7,73.4,94.7,99.3,59.9,38.4,78.6,64.6,30,20,NA
"Denmark",2017,0.751,86.7,84.9,68.5,37.2,5.7,95.4,93.9,85.8,85.5,87,90,80,7.52199983596802
"Djibouti",2017,0.467,12.3,32.6,10.3,80.9,39.5,13.8,51.6,59,75.3,54.9,80,50,NA
"Dominica",2017,0.637,43.8,40.9,67.7,73.2,67.5,72.6,72.1,59,89.5,72.6,75,30,NA
"Dominican Republic",2017,0.629,56.1,30.9,25.3,84.6,90.2,90.1,52.8,56.2,76.7,77,75,40,5.23000001907349
"Ecuador",2017,0.493,38.7,33.9,22.3,79.1,46.1,56.4,55.4,47.3,67.7,69.7,35,40,6.00799989700317
"Egypt",2017,0.526,35.4,32.7,56.3,86.1,63,4.6,66.8,51.3,69.6,70.2,55,40,4.7350001335144
"El Salvador ",2017,0.641,45.3,31.7,35.4,79,85.9,74.7,57.3,54.5,79.2,86.5,80,60,NA
"Equatorial Guinea",2017,0.45,35.4,24.6,13.1,75.4,53.6,46.4,50.9,38.5,78.3,53.8,40,30,NA
"Eritrea",2017,0.422,36.4,27.5,10.3,81.3,74.7,0,56.7,69.7,61,69.2,0,20,NA
"Estonia",2017,0.791,82.6,69.9,82.8,81.2,55.8,99.8,77,56.9,85.7,87,90,80,5.61100006103516
"Eswatini",2017,0.611,53.5,30.9,33.3,74.8,71.6,93.2,57.5,64.4,75.6,88.9,50,40,NA
"Ethiopia",2017,0.527,32.6,37.6,29.6,77.1,90.3,86.5,50,57.2,65.7,65.1,20,20,4.46000003814697
"Fiji",2017,0.634,67.7,32.7,41.9,80.7,72.5,84.1,61.3,70.5,75.5,68.8,55,50,NA
"Finland",2017,0.74,90.6,90,82.7,66.6,0,77.3,90.2,53.4,85.1,87,85,80,7.4689998626709
"France",2017,0.633,85,69.7,72.7,47.6,2,57,78,44.1,81.6,82,70,70,6.44199991226196
"Gabon",2017,0.586,35.9,37.6,26.7,77,81,96.1,50.6,58.4,83,61.8,55,40,4.46500015258789
"Georgia",2017,0.76,55.1,65,66.5,87.3,74.4,93.5,87.2,75.9,78.2,88.6,80,60,4.28599977493286
"Germany",2017,0.738,82.9,77.7,79.5,61.9,41.4,89.9,86.6,42.8,85.9,87,80,70,6.95100021362305
"Ghana",2017,0.562,51.6,35.5,40.9,84.5,76.3,9.2,59.6,57.4,64.5,65.1,70,60,4.11999988555908
"Greece",2017,0.55,52.5,41.3,56.1,61.1,5.4,58.1,74.3,51,78.2,82,60,40,5.22700023651123
"Guatemala ",2017,0.63,45,27.5,27.8,79.2,94.8,93.5,58.7,48.2,79.4,87,65,50,NA
"Guinea",2017,0.476,15.6,27.5,13.1,69.1,78.4,34.2,55.8,54.8,71.1,61.2,50,40,3.50699996948242
"Guinea-Bissau",2017,0.561,33.8,28.7,48.7,89,87.5,75.3,46.7,60.9,77.7,65.2,30,30,NA
"Guyana",2017,0.585,37.7,33.9,34.1,68,72.8,80.9,63.2,70.9,79.8,70.7,60,30,NA
"Haiti",2017,0.496,12.6,19.1,25.1,80.3,81,51.8,49.4,62.1,73.8,70.6,40,30,3.6029999256134
"Honduras ",2017,0.588,45,32.2,38.2,83.3,74.7,64.1,56.9,31.2,77.3,78.4,65,60,NA
"Hong Kong",2017,0.898,93.7,80.3,84,93,90,100,94.6,89.1,83.2,90,90,90,NA
"Hungary ",2017,0.658,60.1,41.5,51.8,79.3,25.3,79.3,64,64.4,91.7,87,75,70,NA
"Iceland",2017,0.744,85,71.5,71.5,70.9,41.1,90.6,90.2,62.6,81.2,88,80,60,7.50400018692017
"India",2017,0.526,55.4,44.3,44.4,77.2,77.4,11,52.8,41.6,75,72.6,40,40,4.31500005722046
"Indonesia",2017,0.619,48.3,44.7,39.3,83.6,89.9,90.1,49.1,48.9,74,80.5,35,60,5.26200008392334
"Iran",2017,0.505,32.4,29.6,36,81.1,92.7,94.9,64.8,54.5,55.5,54.5,0,10,4.69199991226196
"Iraq",2017,NA,37.3,19.1,15.9,NA,36.1,11.3,61.2,68,76.9,NA,NA,NA,4.49700021743774
"Ireland",2017,0.767,85.8,78.3,78.3,72.7,57.1,60.3,80.3,73.6,87.6,87,90,70,6.97700023651123
"Israel",2017,0.697,71.9,47.6,82,61,50.5,71.8,69.9,64.3,84.9,88,75,70,7.21299982070923
"Italy",2017,0.625,74.6,44.7,55.4,54.9,22.3,66.9,69.8,52.9,86.9,87,85,50,5.96400022506714
"Jamaica ",2017,0.695,58,38.2,61.5,81,77.5,79.9,78.9,73.7,79.5,75.3,80,50,NA
"Japan",2017,0.696,89.4,86.1,73.8,68.5,52.3,9.5,82.3,77.5,83,82.6,70,60,5.92000007629395
"Jordan",2017,0.667,60.1,49.8,49.5,91.3,73.3,55.5,63.9,58.1,86.7,82,70,60,5.33599996566772
"Kazakhstan",2017,0.69,56.1,38,56.5,93.3,85.7,98.9,74.5,82.5,73.9,78.5,40,50,5.81899976730347
"Kenya",2017,0.535,45.1,24.7,42.7,78.5,77.9,14.4,50,62.4,73.8,67.2,55,50,4.55299997329712
"Kiribati",2017,0.509,48,37.6,33,73.6,0,99.5,51.5,71.9,82,58.2,25,30,NA
"Kosovo",2017,0.679,70.3,45.9,58,93.5,77.8,88.9,68.8,65.3,80,70.8,65,30,5.27899980545044
"Kuwait",2017,0.651,55.5,41.3,56.4,97.7,40.8,99.8,61.2,61.5,73.6,78.7,55,60,6.10500001907349
"Kyrgyz Republic ",2017,0.611,50.9,30.3,17.2,93.7,55.2,78.9,73.7,79.8,68.5,75.3,60,50,NA
"Laos",2017,0.54,35.3,32.6,35.9,86.1,76.6,61.2,66.3,54.4,70.2,74.6,35,20,NA
"Latvia",2017,0.748,72.6,67.3,59.7,84.7,57.4,95,79.8,72,86.5,87,75,60,5.84999990463257
"Lebanon",2017,0.533,43.8,23.3,25.3,91.8,76.1,0,51.5,49.5,78.4,84.4,65,50,5.22499990463257
"Lesotho",2017,0.539,51.6,39.6,50.9,55.7,0,92.2,52.2,57.7,76.4,80.2,50,40,3.80800008773804
"Liberia",2017,0.491,33.6,31.4,41,83.6,60.1,36.2,53.1,48.5,71.8,60.1,50,20,3.53299999237061
"Libya",2017,NA,6.8,26.7,22.6,95,0,11.4,65,52.5,69.2,80,NA,NA,5.52500009536743
"Liechtenstein",2017,NA,NA,NA,NA,NA,NA,NA,92.3,85.7,NA,90,85,80,NA
"Lithuania",2017,0.758,73,69.7,62.4,86.9,64.1,93.6,79.1,63.6,90,87,70,70,5.90199995040894
"Luxembourg",2017,0.759,85.8,78.3,77,64.5,46,99,68.6,43.8,86.2,87,95,80,6.86299991607666
"Macau",2017,0.707,60,37.1,60,72.3,92.8,100,60,50,70.8,90,85,70,NA
"Macedonia",2017,0.707,67,52,61.4,91.9,68.9,72.6,81.5,66.7,80.8,86.1,60,60,5.17500019073486
"Madagascar",2017,0.574,34.8,25,21.4,91,93.2,79.8,43.3,43.8,73.3,78,55,50,3.64400005340576
"Malawi",2017,0.522,36,31.3,44.2,79.1,69.8,33.5,45.3,56.9,54.7,70.5,55,50,3.97000002861023
"Malaysia ",2017,0.738,85.3,51.8,67.3,85.3,78.7,76.5,90.8,73.1,85.3,81.2,60,50,NA
"Maldives",2017,0.503,45.1,31.4,33,93,51.5,9.4,80.6,70.4,76.3,47.8,35,30,NA
"Mali",2017,0.586,36.7,34.3,33.8,69.4,88,87.8,44.2,51.1,83,70.1,65,40,4.19000005722046
"Malta",2017,0.677,67.7,53.6,62.9,62.8,44.9,85.1,62.5,57.2,83.5,87,85,60,6.52699995040894
"Mauritania",2017,0.544,22.5,29.2,13.8,81.2,73.2,77.1,64.4,57.4,81.9,62.3,50,40,4.29199981689453
"Mauritius",2017,0.747,64.4,44.3,72.6,92,81.5,74.9,78.2,68.8,81.1,88.7,80,70,5.62900018692017
"Mexico",2017,0.636,58.1,30,38.7,74.9,76.7,66.8,70.7,57.9,78.8,80,70,60,6.57800006866455
"Micronesia",2017,0.541,30,40.7,30,90.7,0,98.6,57.8,67.7,83.6,85.6,35,30,NA
"Moldova",2017,0.58,49.6,28.6,23.9,86.1,54.8,90.6,65.9,38.9,72,80,55,50,5.83799982070923
"Mongolia",2017,0.548,51.3,36.8,28.4,87.1,57.6,0,67.2,76.6,72.3,74.9,45,60,4.95499992370605
"Montenegro",2017,0.62,58,43.4,50.4,83.1,33.1,44.3,72,67.4,82.5,84.7,75,50,5.23699998855591
"Morocco",2017,0.615,55,37.1,41.9,71.7,69.4,55,67.7,33.8,82.7,84,70,70,5.2350001335144
"Mozambique ",2017,0.499,40.6,30.9,32.4,73.2,58.2,22.7,58.8,41,79.9,76.7,35,50,NA
"Namibia",2017,0.625,53.8,41.3,50.6,65.2,55.6,66.4,67.6,84.4,77.2,83.5,65,40,4.57399988174438
"Nepal",2017,0.551,37.3,26.7,32,84.9,89.5,98.4,64.6,47.6,72.2,68.1,10,30,4.96199989318848
"Netherlands",2017,0.758,87.4,85.7,69.9,53.2,37,83,80.2,70.5,85.8,87,90,80,7.3769998550415
"New Zealand",2017,0.837,96.1,89.9,88.5,70.8,46.5,97.8,91.8,86.2,90.1,87.4,80,80,7.31400012969971
"Nicaragua ",2017,0.592,31.1,27.4,15.9,77.2,80.8,96.1,59,55.6,71.2,81,65,50,NA
"Niger",2017,0.508,33.8,35,22.6,76.3,73.4,38.5,39.1,46.1,83.3,66.4,55,40,4.02799987792969
"Nigeria",2017,0.571,35.3,12.2,33.2,85.2,95.2,87.2,48.9,73.9,71.3,62.3,40,40,5.07399988174438
"North Korea",2017,0.049,32.4,11.6,5,0,0,0,5,5,0,0,0,0,NA
"Norway",2017,0.74,86.7,88.3,83.3,55.6,38.5,98.4,89.5,48.8,75.8,87.7,75,60,7.53700017929077
"Oman",2017,0.621,60.8,47.6,52.3,98.5,20.5,36.3,68.4,70.3,80.6,85.2,65,60,NA
"Pakistan ",2017,0.528,36.4,30.5,34.1,78.9,87.3,30.8,61.2,37.8,74.8,67.2,55,40,NA
"Panama ",2017,0.663,61.1,40.9,21.5,85.2,83.1,84.9,74.4,43,78.4,77.8,75,70,NA
"Papua New Guinea",2017,0.509,37.7,32.7,54,67.8,64.5,16.7,59.8,67.4,69.8,85.4,25,30,NA
"Paraguay ",2017,0.624,38.2,32.6,23.3,96.2,83,95.1,62.4,28.5,78.3,76.6,75,60,NA
"Peru",2017,0.689,58.3,38.8,28.2,80.3,85.1,98.4,69.4,62.8,83.3,87.1,75,60,5.71500015258789
"Philippines",2017,0.656,49.2,38.7,37.1,78.9,89.4,97.2,62.6,57.2,80.6,76.4,60,60,5.42999982833862
"Poland",2017,0.683,60.8,55.5,58,76,46.9,76.1,67.8,61.5,84.7,87,75,70,5.97300004959106
"Portugal",2017,0.626,73.3,59,68.9,59.8,25.1,32.1,86.4,43.4,85.9,87,70,60,5.19500017166138
"Qatar",2017,0.731,74.8,59,63,99.6,71.2,97.4,68.1,65.4,80.6,83.1,55,60,6.375
"Republic of Congo ",2017,0.4,34.8,30.5,22.6,66.8,36.2,11.6,32.1,37.5,76.1,52.2,50,30,NA
"Romania",2017,0.697,63.9,45.9,58.5,87.4,65.3,90.9,65.9,62.5,83.6,87,75,50,5.82499980926514
"Russia",2017,0.571,47.6,38.2,44.5,81.8,61.5,93.4,74.8,50.8,57.3,75.2,30,30,5.96299982070923
"Rwanda",2017,0.676,64.4,45.9,68.8,79.8,77.3,83.3,59,81.8,80,70.3,60,40,3.47099995613098
"Saint Lucia",2017,0.65,65.5,39.6,68.8,76.4,71.6,53.8,77.2,68.7,82.3,71.6,65,40,NA
"Saint Vincent and the Grenadines",2017,0.652,37.3,47.6,68.8,72.8,71.7,66.7,80.3,74.5,82.9,65.2,75,40,NA
"Samoa",2017,0.584,51.3,37.1,22.6,80.4,51.9,66.6,77,73.3,84.5,70.7,55,30,NA
"São Tomé and Príncipe ",2017,0.554,37.7,39.7,15.9,87.8,67.9,67.1,65,47.2,69.6,71.8,65,30,NA
"Saudi Arabia",2017,0.644,62,45.9,65,99.7,54.5,65.7,73.8,68.5,70.1,78.2,40,50,6.3439998626709
"Senegal",2017,0.559,44,42.1,39.3,70.9,74.3,51.8,50.8,38.9,86,73.1,60,40,4.53499984741211
"Serbia ",2017,0.589,50.3,38.2,40.2,83.3,40.3,46.9,62.9,65.9,80.8,77.8,70,50,NA
"Seychelles",2017,0.618,55.2,44.3,42.6,78.8,63.9,90.7,63.4,55.9,78.3,83.4,55,30,NA
"Sierra Leone",2017,0.526,37.4,18.9,27,81.3,90.2,76.2,49.6,29.7,71.1,69.4,60,20,4.70900011062622
"Singapore",2017,0.886,97.1,87.9,91.5,90.5,90.1,80.7,95.1,90.8,84.3,90,85,80,6.57200002670288
"Slovakia",2017,0.657,69,39.6,38,79.7,47.2,82.9,64.9,54.4,81.1,87,75,70,6.09800004959106
"Slovenia",2017,0.592,75,53.6,55.1,58.7,28.6,6.1,80.6,60.2,85.3,87,70,50,5.75799989700317
"Solomon Islands",2017,0.55,39.3,33.9,41.9,62.8,34.4,99.8,68.5,70.5,81,83,15,30,NA
"Somalia",2017,NA,6.8,11.6,NA,100,NA,0,92.3,91.8,NA,NA,NA,NA,5.15100002288818
"South Africa",2017,0.623,67.6,47.6,59.7,70.2,68.4,70,62,58.9,75.8,77.3,40,50,4.8289999961853
"South Korea",2017,0.743,77.8,67.3,59.9,73.7,68.9,97.4,90.6,57,84,79.5,65,70,5.83799982070923
"Spain",2017,0.636,71.2,57.2,53.9,62.5,41.4,26.9,66.9,55.3,85.5,87,85,70,6.40299987792969
"Sri Lanka",2017,0.574,48,30,48.3,85.3,90.2,31.2,72.8,57.5,76,74.5,35,40,4.44000005722046
"Sudan",2017,0.488,31.1,18.9,19.8,86.5,95.1,85.5,53.9,49.7,59.3,50.5,15,20,4.13899993896484
"Suriname",2017,0.48,45.1,31.7,15.4,70.1,69.6,16.2,48.6,76.1,75.1,68.4,30,30,NA
"Sweden",2017,0.749,88.6,87.4,82.2,44.4,21.7,93.4,90.8,53.2,85.3,87,85,80,7.28399991989136
"Switzerland",2017,0.815,86.9,80.3,77.6,70.9,67.5,95.8,76.8,72.2,84.4,90,85,90,7.49399995803833
"Syria",2017,NA,37.3,30,22.6,NA,NA,0,66.4,55.7,NA,56.6,NA,NA,3.46199989318848
"Taiwan",2017,0.765,86.5,70.5,67.7,75.3,89.5,83.7,93.4,55,85.2,86.2,65,60,NA
"Tajikistan",2017,0.582,45.5,32.7,45.6,90.9,74.1,95.8,65.6,49.2,69.8,73.9,25,30,5.04099988937378
"Tanzania",2017,0.586,33.8,29.2,28.8,80.3,89.5,76.6,50.1,64.3,69.6,76,55,50,3.34899997711182
"Thailand ",2017,0.662,51.3,40.7,41.7,81,85.3,96.3,69.9,62.8,72.9,82.8,50,60,NA
"The Bahamas",2017,0.611,45.3,38.2,48.7,97.1,83.8,42.3,68.5,71.5,77,50.6,50,60,NA
"The Gambia",2017,0.534,39.1,38.2,38.8,74.9,74.3,3.2,52.8,65.6,63.8,65,75,50,NA
"Timor-Leste",2017,0.463,6.8,29.2,10.3,64.7,65.6,20,72.2,63.9,77.5,80,45,20,NA
"Togo",2017,0.532,33.8,36.8,39.9,68.2,79.8,45.1,50.3,46.2,77.5,71.3,60,30,3.49499988555908
"Tonga",2017,0.63,65.5,47.6,19.8,86.9,74.4,79.6,76.1,86,80.6,79.7,40,20,NA
"Trinidad and Tobago",2017,0.612,54.7,36.8,48.7,81.4,57.7,51.8,67.7,71.4,75.9,78.6,60,50,6.16800022125244
"Tunisia",2017,0.557,49.6,37.3,39.9,73.7,73.4,53.4,80.6,56.1,75.9,63.8,35,30,4.80499982833862
"Turkey",2017,0.652,61.3,40.7,52.5,75.5,57.7,95.7,64.3,48.5,72.2,79.4,75,60,5.5
"Turkmenistan",2017,0.474,32.4,29.6,5,95.3,92.3,98.9,30,20,74.8,80,0,10,5.82200002670288
"Uganda",2017,0.609,39.3,28.7,34.6,73.7,91,78.1,42.4,84.6,80.3,78.3,60,40,4.08099985122681
"Ukraine",2017,0.481,41.4,29.2,22.6,78.6,38.2,67.9,62.1,48.8,47.4,85.9,25,30,4.09600019454956
"United Arab Emirates",2017,0.769,76.7,74.2,85,96.4,67.4,99.2,81.1,80.9,78.4,83.5,40,60,6.64799976348877
"United Kingdom",2017,0.764,93.8,78.3,93,65.1,41.9,40.4,89.9,72.8,85,87,90,80,6.71400022506714
"United States",2017,0.751,81.3,78.1,75.1,65.3,55.9,53.3,84.4,91,80.1,87.1,80,70,6.99300003051758
"Uruguay ",2017,0.697,70.2,70.3,66.8,77.5,69.4,77.2,74.8,62.9,71.3,80.6,85,30,NA
"Uzbekistan",2017,0.523,48,27.5,41.9,90.7,66.2,99.8,64.8,50.4,61.1,66.8,0,10,5.97100019454956
"Vanuatu",2017,0.674,65.5,70.5,33,97,80.4,99.1,51.4,58.1,74.8,73.9,65,40,NA
"Venezuela ",2017,0.27,6.8,11.6,10.3,72.5,51.5,15.2,39.7,28.5,16.8,60.7,0,10,NA
"Vietnam",2017,0.524,49.7,24.6,32,79.6,74.6,21.1,61.2,62.2,76,83.1,25,40,5.07399988174438
"Yemen",2017,NA,37.3,17.4,22.6,NA,77.2,10.6,51.4,54.2,59.7,NA,NA,NA,3.59299993515015
"Zambia",2017,0.558,49.6,35,39.8,73.1,81.6,21.6,66.6,48.2,70.7,78.3,55,50,4.51399993896484
"Zimbabwe",2017,0.44,27.3,14.7,26.1,61.1,75.2,90.6,36.2,33.1,76.5,52.8,25,10,3.875
"Afghanistan",2016,NA,NA,12,NA,91.6,81.2,NA,56.6,63.2,NA,NA,55,NA,3.36
"Albania",2016,0.659,35,33,NA,87.8,75,NA,67.6,51.5,81.7,87.6,70,70,4.655
"Algeria",2016,0.501,25,36,NA,81,59.4,NA,62.1,48.2,68.1,60.8,30,30,6.355
"Angola",2016,0.489,15,19,NA,87.8,50.1,NA,50.3,44.8,72.2,70.2,40,40,3.866
"Argentina",2016,0.438,15,34,NA,66.1,51.3,NA,56,43.9,44,67.4,30,30,6.65
"Armenia",2016,0.67,20,37,NA,83.8,80.7,NA,77.5,62.2,72.8,85.6,80,70,4.36
"Australia",2016,0.803,90,80,NA,63.2,62,NA,89.4,77.2,85.2,86.4,80,90,7.313
"Austria",2016,0.717,90,72,NA,50.7,22.4,NA,79.4,72.5,81.7,88,90,70,7.119
"Azerbaijan",2016,0.602,20,29,NA,88,56.7,NA,70.3,75.2,77,75.8,60,50,5.291
"Bahrain",2016,0.743,60,49,NA,99.9,75.4,NA,71.9,79.1,74.6,82.6,70,80,6.218
"Bangladesh ",2016,0.533,20,25,NA,72.7,93.6,NA,52.6,62.5,68.2,63.6,45,30,NA
"Barbados",2016,0.683,80,74,NA,75.8,37.6,NA,70.2,67.3,80.8,62.2,75,60,NA
"Belarus",2016,0.488,20,31,NA,88.6,44.8,NA,69,74.9,50.4,79,20,10,5.802
"Belgium",2016,0.684,80,76,NA,44.2,11,NA,85.4,60.5,84,88,85,70,6.929
"Belize",2016,0.574,35,6.7,NA,82.1,71.9,NA,63.3,60.3,79.2,70,55,50,5.956
"Benin",2016,0.593,30,39,NA,68.1,84.9,NA,51.3,53.8,82.2,58.8,75,50,3.484
"Bhutan",2016,0.595,60,65,NA,83.1,67.5,NA,65.2,77.6,66.9,60,20,30,5.196
"Bolivia",2016,0.474,10,35,NA,86.4,55.5,NA,58.8,31.7,65,76.6,15,40,5.822
"Bosnia and Herzegovina",2016,0.586,20,39,NA,83.9,33.1,NA,54.6,59.4,84.3,87,65,60,5.163
"Botswana",2016,0.711,70,63,NA,79.1,68.4,NA,66.4,68.5,76.3,84,65,70,3.974
"Brazil",2016,0.565,45,43,NA,69.7,55.2,NA,61.4,52.5,64.2,69.4,55,50,6.952
"Brunei Darussalam",2016,0.673,30,60,NA,87,57.3,NA,71.3,90.2,76.8,85.2,65,50,NA
"Bulgaria",2016,0.659,30,43,NA,91.1,60.4,NA,66.9,71.6,82.6,88,65,60,4.217
"Burkina Faso",2016,0.591,30,38,NA,82.8,76.8,NA,46.3,58.9,84.9,68.2,65,40,3.739
"Burma",2016,0.487,10,21,NA,86.6,75.3,NA,32.6,76.8,70,74.2,20,20,NA
"Burundi",2016,0.539,20,20,NA,73.8,70.5,NA,54.2,67.6,73.8,74.2,55,30,2.905
"Cabo Verde",2016,0.665,75,57,NA,78.1,66.9,NA,61.3,43.6,84.5,68.2,70,60,NA
"Cambodia",2016,0.579,25,21,NA,90.5,87.4,NA,32.3,62.5,78.1,72.2,60,50,3.907
"Cameroon",2016,0.542,25,27,NA,75.6,85.6,NA,46.9,48.9,81.2,61.6,40,50,4.513
"Canada",2016,0.78,90,81,NA,80,50.4,NA,81.8,72.6,76.9,87,80,80,7.404
"Central African Republic",2016,0.452,10,24,NA,65.7,93.6,NA,28,40.9,62.9,52.2,45,30,NA
"Chad",2016,0.463,20,22,NA,46,84.3,NA,30.9,48.9,71.4,49.8,50,40,3.763
"Chile",2016,0.777,85,73,NA,74.8,83.1,NA,72.1,64.3,82.9,86.4,85,70,6.705
"China",2016,0.52,20,36,NA,69.7,74.3,NA,54.2,62,70.6,72.8,30,30,5.245
"Colombia",2016,0.708,50,37,NA,80.1,74.4,NA,78.2,77.6,79.6,81,80,70,6.481
"Comoros",2016,0.524,30,26,NA,64.5,81,NA,49.6,51,79.4,72,40,30,3.956
"Costa Rica ",2016,0.674,50,54,NA,79.4,88.7,NA,68.6,53.8,77.6,81.6,70,50,NA
"Côte d'Ivoire ",2016,0.6,30,32,NA,78.3,85.4,NA,62.2,46.9,73.5,71.8,70,50,NA
"Croatia",2016,0.591,35,48,NA,70.8,33.7,NA,60.3,42.4,78.7,87.4,75,60,5.488
"Cuba",2016,0.298,10,46,NA,52.1,0,NA,20,20,65.2,64.6,10,10,NA
"Cyprus",2016,0.687,70,63,NA,76.1,47.3,NA,74.5,58.2,85.3,88,75,50,5.546
"Czech Republic",2016,0.732,75,51,NA,82.5,47.3,NA,66.6,77.7,84.1,88,80,80,6.596
"Democratic Republic of Congo",2016,0.464,10,22,NA,73.3,95.2,NA,42.8,41,78.5,61,20,20,NA
"Denmark",2016,0.753,95,92,NA,39.5,2.3,NA,95.4,86,84.4,88,90,80,7.526
"Djibouti",2016,0.56,25,34,NA,80.6,57.4,NA,50.8,62.9,74.3,54.6,70,50,NA
"Dominica",2016,0.67,60,58,NA,74,68.5,NA,73.3,68.7,90.1,72.6,75,30,NA
"Dominican Republic",2016,0.61,25,32,NA,84.5,90.2,NA,56.6,56.5,73.1,77.2,75,40,5.155
"Ecuador",2016,0.486,15,33,NA,79.2,41.8,NA,55.5,51.6,68.1,71.4,30,40,5.976
"Egypt",2016,0.56,20,37,NA,85.6,65.9,NA,68.3,51.4,65.8,70.6,55,40,4.362
"El Salvador ",2016,0.651,35,39,NA,79.1,85.3,NA,56,52.6,83.4,85.8,75,60,NA
"Equatorial Guinea",2016,0.437,10,19,NA,75.4,45.6,NA,45.6,38.4,78.9,53.8,40,30,NA
"Eritrea",2016,0.427,10,18,NA,80.9,73.4,NA,32.1,65.6,57.8,69.2,0,20,NA
"Estonia",2016,0.772,90,69,NA,81.9,54.9,NA,79,57.2,82.2,88,90,80,5.517
"Eswatini",2016,0.597,40,43,NA,70.9,64.9,NA,58.6,65.8,74.5,88.8,50,40,NA
"Ethiopia",2016,0.515,30,33,NA,77.2,90.5,NA,55.8,57.7,66,65,20,20,4.508
"Fiji",2016,0.588,30,22.3,NA,81.2,75.3,NA,62,70.6,77.6,68.8,50,50,NA
"Finland",2016,0.726,90,89,NA,66.5,0.8,NA,90.7,53.7,81.9,88,85,80,7.413
"France",2016,0.623,80,69,NA,47.7,2.5,NA,78.4,43.5,79.1,83,70,70,6.478
"Gabon",2016,0.59,40,37,NA,77.6,74.5,NA,58.4,61.9,78.4,61.8,60,40,4.121
"Georgia",2016,0.726,40,52,NA,87.6,75.3,NA,86.5,75.7,80.5,88.6,80,60,4.252
"Germany",2016,0.744,90,79,NA,61.5,41.3,NA,90,50.6,83.3,88,90,70,6.994
"Ghana",2016,0.63,50,48,NA,84.9,77.6,NA,61.5,56.5,66.5,65,60,60,4.276
"Greece",2016,0.532,40,43,NA,64.4,0,NA,73.8,50.2,77.7,83,60,40,5.033
"Guatemala ",2016,0.618,20,32,NA,79.1,94.3,NA,62.5,50.9,77.9,86.4,65,50,NA
"Guinea",2016,0.533,20,25,NA,68.5,81.2,NA,51.4,71.8,69.2,61.2,45,40,3.607
"Guinea-Bissau",2016,0.518,20,19,NA,89.3,94.1,NA,36.7,61.1,78.5,59.4,30,30,NA
"Guyana",2016,0.554,30,30,NA,68.7,73.1,NA,63,70.7,77.4,70.8,40,30,NA
"Haiti",2016,0.513,10,19,NA,80.5,76.4,NA,47.1,62,76,72,40,30,4.028
"Honduras ",2016,0.577,30,29,NA,84.2,72,NA,58,31,74.8,78.4,60,60,NA
"Hong Kong",2016,0.886,90,74,NA,92.6,90.7,NA,97.4,89,81.8,90,90,90,5.458
"Hungary ",2016,0.66,45,54,NA,78.7,26.7,NA,70.6,63.8,88.3,88,75,70,NA
"Iceland",2016,0.733,90,79,NA,73.3,42.1,NA,90.1,61.6,79.5,87.8,70,60,7.501
"India",2016,0.562,55,38,NA,77.1,78.1,NA,47.6,47.8,72.8,71,35,40,4.404
"Indonesia",2016,0.594,30,34,NA,83.4,89,NA,54,49.3,74.3,80.4,40,60,5.314
"Iran",2016,0.435,10,27,NA,81.2,93.2,NA,59.3,49,50.6,54.6,0,10,4.813
"Iraq",2016,NA,NA,16,NA,NA,29.7,NA,63.2,68.5,75,NA,NA,NA,4.575
"Ireland",2016,0.773,90,74,NA,73.6,50.3,NA,79.6,72.1,85.5,88,90,70,6.907
"Israel",2016,0.707,75,60,NA,60.6,48.8,NA,70.6,64.6,84.2,88.2,85,70,7.267
"Italy",2016,0.612,50,43,NA,55.8,22.1,NA,70.3,53,84.5,88,85,60,5.977
"Jamaica ",2016,0.675,40,38,NA,81.7,78,NA,81.3,72.7,77.5,75.4,80,50,NA
"Japan",2016,0.731,80,76,NA,68.5,46.2,NA,82.5,83.9,81.2,82.6,70,60,5.921
"Jordan",2016,0.683,60,49,NA,91.7,62,NA,64.9,68.4,83.1,73.4,70,60,5.303
"Kazakhstan",2016,0.636,30,29,NA,93,87.7,NA,72.3,82.7,74,77.4,40,50,5.919
"Kenya",2016,0.575,30,25,NA,79.4,80.8,NA,48.6,62.2,73.5,65.6,60,50,4.356
"Kiribati",2016,0.462,30,29.2,NA,73.3,0,NA,51.6,83.9,81,58.2,25,30,NA
"Kosovo",2016,0.614,30,33,NA,93.6,76.8,NA,69.3,66.3,78.9,70.8,65,30,5.401
"Kuwait",2016,0.627,45,44,NA,97.7,57.7,NA,63.4,62.7,74.2,77.2,55,50,6.239
"Kyrgyz Republic ",2016,0.596,20,27,NA,93.7,56.3,NA,65.3,80.4,68.4,75,60,50,NA
"Laos",2016,0.498,15,25,NA,86.1,73.8,NA,55.9,57.6,71.3,58.6,35,20,4.876
"Latvia",2016,0.704,50,55,NA,84.8,58.4,NA,78.6,59.5,84.8,88,85,60,5.56
"Lebanon",2016,0.595,20,27,NA,91.3,75.7,NA,59.1,57.3,79,75.8,60,50,5.129
"Lesotho",2016,0.506,30,49,NA,59.1,0,NA,53.3,62.1,76.9,85.8,50,40,NA
"Liberia",2016,0.522,25,37,NA,83.8,67.7,NA,55.1,44.5,71,72.8,45,20,3.622
"Libya",2016,NA,10,18,NA,95,0,NA,55.5,63.1,74,NA,5,NA,5.615
"Liechtenstein",2016,NA,NA,NA,NA,NA,NA,NA,NA,NA,NA,90,85,80,NA
"Lithuania",2016,0.752,65,58,NA,92.9,63.8,NA,80,60,84.6,88,80,80,5.813
"Luxembourg",2016,0.739,90,82,NA,61.1,43,NA,73.7,42.6,83.2,88,95,80,6.871
"Macau",2016,0.701,60,49.7,NA,73.1,93.9,NA,60,50,69.6,90,85,70,NA
"Macedonia",2016,0.675,35,45,NA,92.1,69.6,NA,76.4,66.7,83.5,86.4,60,60,5.121
"Madagascar",2016,0.611,45,28,NA,91.1,93.4,NA,52.9,48.5,74.5,77.2,50,50,3.695
"Malawi",2016,0.518,40,33,NA,79,27.1,NA,44.5,63.4,53.6,72.4,55,50,4.156
"Malaysia ",2016,0.715,55,52,NA,85,74.3,NA,91.4,71.5,84.5,81.4,60,60,NA
"Maldives",2016,0.539,25,21.9,NA,94,60.8,NA,81.5,70.4,73,47.8,35,30,NA
"Mali",2016,0.565,25,32,NA,70.3,82.8,NA,46.3,50.8,83,70.2,65,40,4.073
"Malta",2016,0.667,70,55,NA,63.9,46.5,NA,61.6,53.5,83.5,88,85,60,6.488
"Mauritania",2016,0.548,25,30,NA,81.6,75.3,NA,48.7,50.7,77.7,69,50,40,4.201
"Mauritius",2016,0.747,60,54,NA,92,81.5,NA,77.5,65,78.7,88.6,80,70,5.648
"Mexico",2016,0.652,50,35,NA,74.9,76.4,NA,70.7,58.2,77.4,79.2,70,60,6.778
"Micronesia",2016,0.518,30,30,NA,93.2,0,NA,57.5,79.1,82.1,85.6,30,30,NA
"Moldova",2016,0.574,40,35,NA,85.4,55.6,NA,64.6,39.3,76,73.6,55,50,5.897
"Mongolia",2016,0.594,30,39,NA,84.4,51.5,NA,67.7,77.9,68,70,45,60,4.907
"Montenegro",2016,0.649,40,42,NA,91.6,39.8,NA,76.6,72,82.6,84.8,70,50,5.161
"Morocco",2016,0.613,40,39,NA,71.5,65.6,NA,66.4,34.3,84.1,81.8,70,60,5.151
"Mozambique ",2016,0.532,30,31,NA,74.3,63.5,NA,55.9,41.9,79.5,70.8,35,50,NA
"Namibia",2016,0.619,30,49,NA,64.4,63.9,NA,68.2,84.5,75.1,83.4,60,40,4.574
"Nepal",2016,0.509,30,29,NA,85.1,91.1,NA,64.9,47.3,70.8,55.6,5,30,4.793
"Netherlands",2016,0.746,90,83,NA,52.7,34.4,NA,80,64,83.4,88,90,80,7.339
"New Zealand",2016,0.816,95,91,NA,71,46,NA,91.4,85.9,88.1,87.2,80,80,7.334
"Nicaragua ",2016,0.586,10,28,NA,78,82.8,NA,61.2,55.7,69,86.2,65,50,NA
"Niger",2016,0.543,30,35,NA,76.3,76.8,NA,39.6,42.3,83,64.6,55,40,3.856
"Nigeria",2016,0.575,30,27,NA,85.1,94.6,NA,48.7,72.9,71.5,64.8,40,40,4.875
"North Korea",2016,0.023,5,8,NA,0,0,NA,5,5,0,0,0,0,NA
"Norway",2016,0.708,90,86,NA,53.2,41.8,NA,89.6,48.5,76.2,87.8,75,60,7.498
"Oman",2016,0.671,55,45,NA,98.5,36.8,NA,70.1,72.5,77.9,85,70,60,NA
"Pakistan ",2016,0.559,30,29,NA,79,86.2,NA,61.2,42.1,71.5,65,55,40,NA
"Panama ",2016,0.648,30,37,NA,84.4,77.9,NA,74.4,42.9,78.6,77.8,75,70,NA
"Papua New Guinea",2016,0.532,20,25,NA,67.3,76.2,NA,59.9,71.9,70.6,85.6,25,30,NA
"Paraguay ",2016,0.615,30,24,NA,96.3,83.3,NA,62.6,30.4,76.8,76.2,75,60,NA
"Peru",2016,0.674,40,38,NA,78.5,86.1,NA,67.8,62.9,83.7,87,70,60,5.743
"Philippines",2016,0.631,30,38,NA,79,89.6,NA,63,57.1,77.7,76.4,60,60,5.279
"Poland",2016,0.693,65,61,NA,75.5,46.5,NA,68.7,58,85.2,88,75,70,5.835
"Portugal",2016,0.651,70,63,NA,60.5,24.8,NA,85.3,43.5,85.7,88,70,60,5.123
"Qatar",2016,0.707,65,69,NA,99.7,70.4,NA,71.4,70.7,74.1,81.8,45,60,6.375
"Republic of Congo ",2016,0.428,10,23,NA,66.9,55.8,NA,35.9,38.8,75.6,52,40,30,NA
"Romania",2016,0.656,35,43,NA,87.5,65.6,NA,66.1,65.1,81.1,88,75,50,5.528
"Russia",2016,0.506,20,27,NA,82.2,56.2,NA,72.2,57.6,62.9,72.4,25,30,5.856
"Rwanda",2016,0.631,30,49,NA,80.1,77.1,NA,60.5,82,79.4,67.6,65,40,3.515
"Saint Lucia",2016,0.7,70,71,NA,76.9,70.6,NA,77.6,76.2,80.3,72,65,40,NA
"Saint Vincent and the Grenadines",2016,0.688,70,67,NA,73.8,69.7,NA,77.6,74.5,85.3,65.4,65,40,NA
"Samoa",2016,0.635,60,52,NA,78.9,57.5,NA,77.1,71.8,82.5,70.6,55,30,NA
"São Tomé and Príncipe ",2016,0.567,25,42,NA,87.4,70.1,NA,65.9,46.1,67.6,73,60,30,NA
"Saudi Arabia",2016,0.621,40,49,NA,99.7,56.8,NA,69.9,68.5,69.2,77.8,40,50,6.379
"Senegal",2016,0.581,40,43,NA,71.6,76.1,NA,49.1,42.4,84.9,73.8,60,40,4.219
"Serbia ",2016,0.621,50,41,NA,84.3,44.1,NA,60.2,66.2,77.5,77.8,70,50,NA
"Seychelles",2016,0.622,50,55,NA,79.3,62,NA,66,62.1,79.7,83.4,55,30,NA
"Sierra Leone",2016,0.523,10,31,NA,81.2,92.6,NA,49.9,43.2,70.8,69.4,55,20,4.635
"Singapore",2016,0.878,90,84,NA,91.2,90.1,NA,95,90.7,81.8,90,85,80,6.739
"Slovakia",2016,0.666,50,50,NA,80.1,49.5,NA,68.4,55,79.5,88,75,70,6.078
"Slovenia",2016,0.606,60,58,NA,58.6,0,NA,82,55.4,84.3,88,70,50,5.768
"Solomon Islands",2016,0.47,30,25,NA,61.4,25.2,NA,68.5,66.2,75.5,73,15,30,NA
"Somalia",2016,NA,NA,8,NA,NA,NA,NA,NA,NA,NA,NA,NA,NA,5.44
"South Africa",2016,0.619,50,44,NA,70.1,69.9,NA,69.7,58.7,74.6,77,45,60,4.459
"South Korea",2016,0.717,70,55,NA,73.8,69.7,NA,91.1,50.6,82.6,74.6,70,80,5.835
"Spain",2016,0.685,70,60,NA,58.3,41.1,NA,76,51.7,84.7,88,85,70,6.361
"Sri Lanka",2016,0.599,40,38,NA,85.1,90,NA,70.3,56.5,71.5,72.4,35,40,4.415
"Sudan",2016,NA,NA,11,NA,86.4,94.8,NA,48.8,43.5,46.7,50.6,10,NA,4.139
"Suriname",2016,0.538,30,36,NA,69.4,70.3,NA,48.8,76.3,78.7,68.4,30,30,6.269
"Sweden",2016,0.72,90,87,NA,44.4,14.9,NA,89.7,53.5,87.1,88,85,80,7.291
"Switzerland",2016,0.81,90,86,NA,70.9,66.3,NA,82.2,72.1,87.8,90,85,80,7.509
"Syria",2016,NA,10,20,NA,NA,NA,NA,62.4,46.9,42.7,56.6,0,20,3.069
"Taiwan",2016,0.747,70,61,NA,76.1,88.7,NA,93.2,53.8,83.2,86.4,75,60,6.379
"Tajikistan",2016,0.513,20,23,NA,91.6,76.9,NA,61.1,47.3,69.8,68.6,25,30,4.996
"Tanzania",2016,0.585,25,31,NA,79.2,88.4,NA,47.5,62.6,67.7,73.2,60,50,3.666
"Thailand ",2016,0.639,40,38,NA,81.1,82.2,NA,76.3,62.5,70.9,77.6,50,60,NA
"The Bahamas",2016,0.709,70,71,NA,97.9,84.3,NA,70.7,72.8,78.5,64,40,60,NA
"The Gambia",2016,0.571,25,29,NA,75.5,78,NA,53.4,65.8,64.7,65,65,50,NA
"Timor-Leste",2016,0.458,20,28,NA,64.7,0,NA,68,66,70.9,80,40,20,NA
"Togo",2016,0.536,30,29,NA,68.7,80.4,NA,51.4,46.2,79.5,71.2,50,30,3.303
"Tonga",2016,0.596,25,28.6,NA,86.9,76.3,NA,76.4,86.1,77.4,79.6,40,20,NA
"Trinidad and Tobago",2016,0.629,50,38,NA,79.4,62.3,NA,69.5,72.8,68.5,78.6,60,50,6.168
"Tunisia",2016,0.576,40,40,NA,74,73.4,NA,81.3,64,75.6,62.2,35,30,5.045
"Turkey",2016,0.621,40,45,NA,75.2,55.6,NA,65.4,48.6,71.5,84.4,75,60,5.389
"Turkmenistan",2016,0.419,5,17,NA,95.3,92.2,NA,30,20,69.4,80,0,10,5.658
"Uganda",2016,0.593,25,26,NA,73.2,91.5,NA,40.3,83.7,80.1,72.8,60,40,3.739
"Ukraine",2016,0.468,25,26,NA,78.6,30.6,NA,56.8,47.9,66.9,85.8,20,30,4.324
"United Arab Emirates",2016,0.726,55,70,NA,95,76.1,NA,79.6,80.7,81.3,82.8,45,60,6.573
"United Kingdom",2016,0.764,90,78,NA,64.9,39,NA,86,71.8,76.4,88,90,80,6.725
"United States",2016,0.754,80,74,NA,65.6,54.7,NA,84.7,91.4,77,87,70,70,7.104
"Uruguay ",2016,0.688,70,73,NA,77.2,67.6,NA,75.3,62.5,71.3,80.6,80,30,NA
"Uzbekistan",2016,0.46,15,18,NA,90.4,66.6,NA,67.1,61.9,65.6,65.6,0,10,5.987
"Vanuatu",2016,0.608,40,33.5,NA,97,86.1,NA,51.8,47.7,78.3,74,60,40,NA
"Venezuela ",2016,0.337,5,19,NA,74.9,56.7,NA,45.3,29.5,33.8,63.2,0,10,NA
"Vietnam",2016,0.54,15,31,NA,79.3,75.1,NA,58.3,62.6,70.6,83,25,40,5.061
"Yemen",2016,NA,30,19,NA,NA,NA,NA,51.9,54.4,71,NA,NA,30,3.724
"Zambia",2016,0.588,30,38,NA,73.3,81.1,NA,66.4,48.3,72.6,78.2,50,50,4.795
"Zimbabwe",2016,0.382,10,21,NA,60.8,73.6,NA,37.6,30,79.1,50.2,10,10,4.193
"Afghanistan",2015,NA,NA,8,NA,91.7,81.2,NA,61.4,67.5,72.6,NA,55,NA,3.575
"Albania",2015,0.657,30,31,NA,87.2,76.1,NA,70.6,52.9,80.8,87.8,70,70,4.959
"Algeria",2015,0.489,30,36,NA,80,38.7,NA,66.6,50.5,71.2,60.8,25,30,5.605
"Angola",2015,0.479,15,23,NA,84.5,50.1,NA,47.4,43.2,65.4,70.2,40,40,4.033
"Argentina",2015,0.441,15,34,NA,66.8,41.2,NA,52.8,43.3,59.6,68.8,30,30,6.574
"Armenia",2015,0.671,20,36,NA,84.4,82.8,NA,82.7,64.3,70.6,85.4,75,70,4.35
"Australia",2015,0.814,90,81,NA,63.7,61.8,NA,94.1,81.6,85.3,86.4,80,90,7.284
"Austria",2015,0.712,90,69,NA,50.1,19.8,NA,78,76.7,80.3,88,90,70,7.2
"Azerbaijan",2015,0.61,20,28,NA,88.1,59.7,NA,74.5,79.1,79.8,76,55,50,5.212
"Bahrain",2015,0.734,60,48,NA,99.9,73.1,NA,72.5,83.1,74.2,78.6,65,80,5.96
"Bangladesh ",2015,0.539,20,27,NA,72.7,92,NA,62.2,63.7,67.7,59,45,30,NA
"Barbados",2015,0.679,80,75,NA,73.8,42.1,NA,71.6,69.2,78.2,63.8,65,60,NA
"Belarus",2015,0.498,20,29,NA,86.4,54.7,NA,72,80.1,44.5,81,20,10,5.813
"Belgium",2015,0.688,80,75,NA,43.6,10.2,NA,90.7,63.7,81.7,88,85,70,6.937
"Belize",2015,0.568,30,6.7,NA,82.4,78.3,NA,59.1,61.8,79.3,70.4,50,50,NA
"Benin",2015,0.588,30,36,NA,68.3,86.7,NA,55.2,53.2,79.9,58.4,70,50,3.34
"Bhutan",2015,0.574,60,63,NA,82.6,60.1,NA,61.9,81.1,66,49.4,20,30,5.253
"Bolivia",2015,0.468,10,34,NA,86.8,60.9,NA,53.7,25.5,69.7,77.6,10,40,5.89
"Bosnia and Herzegovina",2015,0.59,20,42,NA,82.9,27.3,NA,53.5,63.4,84,87.2,70,60,4.949
"Botswana",2015,0.698,70,64,NA,79.5,61.9,NA,66.8,70,73.9,72.2,70,70,4.332
"Brazil",2015,0.566,50,42,NA,68.4,50.9,NA,53.6,52.1,69.4,69.6,50,60,6.983
"Brunei Darussalam",2015,0.689,35,60,NA,87,63.6,NA,68.3,96.9,76.6,81.8,70,50,NA
"Bulgaria",2015,0.668,30,41,NA,91,64.5,NA,68.5,76.6,83.2,88,65,60,4.218
"Burkina Faso",2015,0.586,25,38,NA,82.4,79.8,NA,49.6,57.8,80,68.2,65,40,3.587
"Burma",2015,0.469,10,21,NA,86.9,77.9,NA,28.7,79.3,66.1,74.2,15,10,NA
"Burundi",2015,0.537,20,21,NA,73.5,61.3,NA,61.4,68.1,69.8,72.2,60,30,2.905
"Cabo Verde",2015,0.664,75,58,NA,78.3,67.9,NA,61.8,42.1,81,69.6,70,60,NA
"Cambodia",2015,0.575,25,20,NA,90.5,87.5,NA,29.2,62.2,78.7,72.2,60,50,3.819
"Cameroon",2015,0.519,25,25,NA,71.7,87.8,NA,41.6,47.8,75.6,59.6,35,50,4.252
"Canada",2015,0.791,90,81,NA,79.9,48.3,NA,89,76.1,77.9,88.4,80,80,7.427
"Central African Republic",2015,0.459,15,25,NA,65,92,NA,27.2,37.5,69.6,52.4,45,30,3.678
"Chad",2015,0.459,20,19,NA,46.2,83.6,NA,27.1,47.7,75.6,55.2,45,40,3.667
"Chile",2015,0.785,90,71,NA,76.5,83.3,NA,69.3,67,85.6,82,90,70,6.67
"China",2015,0.527,20,40,NA,69.7,81.5,NA,52.1,63,74.2,71.8,25,30,5.14
"Colombia",2015,0.717,50,36,NA,80.3,76,NA,81.5,81.7,80.1,81.2,80,70,6.477
"Comoros",2015,0.521,30,28,NA,64.5,78.8,NA,47.3,52,77.9,73,40,30,3.956
"Costa Rica ",2015,0.672,50,53,NA,80,89.9,NA,64.5,54.6,75.8,83.8,70,50,NA
"Côte d'Ivoire ",2015,0.585,35,27,NA,77.7,82.4,NA,65.4,46,75,71.4,55,50,NA
"Croatia",2015,0.615,40,48,NA,74.9,46.5,NA,55.8,42.8,80,87.2,80,60,5.759
"Cuba",2015,0.296,10,46,NA,61.8,0,NA,20,20,64.8,63.8,0,10,NA
"Cyprus",2015,0.679,70,63,NA,79.5,36.7,NA,79.5,59.6,82.7,88,70,50,5.689
"Czech Republic",2015,0.725,75,48,NA,81.5,40.6,NA,68.2,82.9,81.2,88,80,80,6.505
"Democratic Republic of Congo",2015,0.45,10,22,NA,72.9,85.7,NA,42.8,38.4,75.1,63,20,20,NA
"Denmark",2015,0.763,95,91,NA,39.6,1.8,NA,97.4,92.1,87.6,88,90,80,7.527
"Djibouti",2015,0.575,25,36,NA,81.2,57.1,NA,55.4,66.6,78.9,54.8,70,50,4.369
"Dominica",2015,0.661,60,58,NA,73.6,61.5,NA,71.6,68.7,89.5,72.8,75,30,NA
"Dominican Republic",2015,0.61,30,29,NA,84.1,87.1,NA,53.5,57.5,76,77.8,75,40,4.885
"Ecuador",2015,0.492,15,35,NA,79.1,51,NA,51.4,51.3,68.2,71.4,30,40,5.975
"Egypt",2015,0.552,20,32,NA,85.8,68,NA,65.4,53.6,67.4,70,50,40,4.194
"El Salvador ",2015,0.657,35,38,NA,79.4,85.5,NA,53.3,53.3,82.5,85.2,75,70,NA
"Equatorial Guinea",2015,0.404,10,19,NA,75.4,31.4,NA,37.5,33.5,78.3,53.8,35,30,NA
"Eritrea",2015,0.389,10,20,NA,57,71.8,NA,18.2,65.5,57.8,69.2,0,20,NA
"Estonia",2015,0.768,90,68,NA,80.6,53.2,NA,81.5,58.7,77.6,88,90,80,5.429
"Eswatini",2015,0.599,40,39,NA,76.4,68.6,NA,60.5,69.3,73.9,76,55,40,NA
"Ethiopia",2015,0.515,30,33,NA,77.4,91.4,NA,55.9,56.4,66.1,64.4,20,20,4.512
"Fiji",2015,0.59,25,22.3,NA,81.3,74.6,NA,63.2,75.2,78.3,70.2,50,50,NA
"Finland",2015,0.734,90,89,NA,66.4,3.6,NA,92.6,54.8,79.9,88,90,80,7.406
"France",2015,0.625,80,71,NA,47.5,2.5,NA,80.2,43.5,77.5,83,70,70,6.575
"Gabon",2015,0.583,40,34,NA,77.5,74.6,NA,57.9,64.3,78.4,61,55,40,3.896
"Georgia",2015,0.73,40,49,NA,87.2,73.8,NA,88.6,79.9,82.7,88.6,80,60,4.297
"Germany",2015,0.738,90,78,NA,60.8,40.1,NA,88.2,51.2,81.5,88,90,70,6.75
"Ghana",2015,0.63,50,46,NA,84.6,70.8,NA,62.5,56.9,69.2,64.8,65,60,4.633
"Greece",2015,0.54,40,40,NA,64.2,0,NA,73.3,51.6,77.8,83,60,50,4.857
"Guatemala ",2015,0.604,20,29,NA,79.6,94.1,NA,54.7,50.6,76.8,84.6,65,50,NA
"Guinea",2015,0.521,15,24,NA,68.1,79.5,NA,51.6,74.4,66.7,61.2,40,40,3.656
"Guinea-Bissau",2015,0.52,20,19,NA,89.1,88,NA,39.6,61.7,77.5,65.4,30,30,NA
"Guyana",2015,0.555,25,27,NA,68.7,70.8,NA,63.8,74.5,78.4,72,45,30,NA
"Haiti",2015,0.513,10,19,NA,80.3,76.2,NA,43.1,63.7,73.5,77.6,40,30,4.518
"Honduras ",2015,0.574,30,26,NA,84.9,78.7,NA,53.2,28,75.4,77.6,60,60,NA
"Hong Kong",2015,0.896,90,75,NA,93.2,89.7,NA,100,95.9,81.8,90,90,90,5.474
"Hungary ",2015,0.668,55,54,NA,78.7,25.9,NA,74.5,67.7,79.2,88,75,70,NA
"Iceland",2015,0.72,90,78,NA,72,32.6,NA,90.5,62.2,77,88,70,60,7.561
"India",2015,0.546,55,36,NA,79.4,78.3,NA,43.3,48.7,65.3,64.6,35,40,4.565
"Indonesia",2015,0.581,30,32,NA,83.3,88.3,NA,49.3,48.7,74.9,74.8,40,60,5.399
"Iran",2015,0.418,10,25,NA,81.2,93,NA,57,51.3,48.7,41.4,0,10,4.686
"Iraq",2015,NA,NA,16,NA,NA,43.8,NA,57.7,74.4,73.6,NA,NA,NA,4.677
"Ireland",2015,0.766,85,72,NA,73.6,45.6,NA,82.1,76.2,83.9,88,90,70,6.94
"Israel",2015,0.705,75,61,NA,61.9,47.8,NA,72.4,67.1,81.6,88.6,80,70,7.278
"Italy",2015,0.617,55,43,NA,54.2,23.2,NA,71.9,55.4,81.2,88,85,60,5.948
"Jamaica ",2015,0.677,40,38,NA,81.5,73.2,NA,85.9,76.5,71.4,75,85,50,NA
"Japan",2015,0.733,80,74,NA,68.7,47.1,NA,84.1,90.2,86.7,82.6,70,50,5.987
"Jordan",2015,0.693,60,45,NA,93.7,70.7,NA,59.1,74.4,80.6,79.6,70,60,5.192
"Kazakhstan",2015,0.633,25,26,NA,93.2,85,NA,73.7,87,74.6,79,40,50,5.855
"Kenya",2015,0.556,30,27,NA,78,72.1,NA,47.9,63.8,72.8,64,50,50,4.419
"Kiribati",2015,0.464,30,29.2,NA,73,0,NA,56.8,83.9,80.6,55.4,25,30,NA
"Kosovo",2015,NA,30,33,NA,NA,73.9,NA,66.8,72.1,74.9,NA,65,NA,5.589
"Kuwait",2015,0.625,45,43,NA,97.7,61.1,NA,58.6,64.2,74,76.2,55,50,6.295
"Kyrgyz Republic ",2015,0.613,20,24,NA,93.6,53.2,NA,73.7,85,73.8,80.2,60,50,NA
"Laos",2015,0.514,15,26,NA,86.2,86.8,NA,59.5,57.1,74.5,58.6,30,20,4.876
"Latvia",2015,0.697,50,53,NA,84.4,59.2,NA,82.1,61.5,83.8,88,85,50,5.098
"Lebanon",2015,0.593,20,28,NA,91.3,70.6,NA,54.7,60.7,72,75.8,60,60,4.839
"Lesotho",2015,0.496,35,49,NA,68.5,0,NA,54.7,63.9,75.2,64.6,45,40,4.898
"Liberia",2015,0.527,25,38,NA,83,69.9,NA,60.1,43.9,72.7,74.4,40,20,4.571
"Libya",2015,NA,10,15,NA,95,37.5,NA,46.8,66.7,71.4,80,5,NA,5.754
"Liechtenstein",2015,NA,NA,NA,NA,NA,NA,NA,NA,NA,NA,90,85,80,NA
"Lithuania",2015,0.747,60,57,NA,92.9,61.3,NA,84.9,62,81.2,88,80,80,5.833
"Luxembourg",2015,0.732,90,80,NA,62.3,42.2,NA,71.3,42.1,80.7,88,95,80,6.946
"Macau",2015,0.703,60,49.7,NA,71.8,91.8,NA,60,50,74.9,90,85,70,NA
"Macedonia",2015,0.671,35,44,NA,91.4,65.6,NA,79.2,70.7,79,86.2,60,60,5.007
"Madagascar",2015,0.617,45,28,NA,90.9,94.7,NA,62.3,45.1,79.2,71.8,50,50,3.681
"Malawi",2015,0.548,40,37,NA,78.5,49,NA,49.1,63.1,53.8,72.2,55,50,4.292
"Malaysia ",2015,0.708,55,50,NA,84.4,74,NA,93.5,75.7,80.8,80,55,60,NA
"Maldives",2015,0.534,25,21.9,NA,95.5,50.6,NA,85.8,73.4,74.1,47.8,30,30,NA
"Mali",2015,0.564,25,28,NA,69.6,89.2,NA,47.2,50.7,81.1,73.2,60,40,3.995
"Malta",2015,0.665,75,56,NA,63.1,44.4,NA,61,55.6,81.8,88,80,60,6.302
"Mauritania",2015,0.533,25,30,NA,80.2,59.8,NA,50.5,52.1,76.6,69,50,40,4.436
"Mauritius",2015,0.764,65,52,NA,91.9,87.4,NA,78,68.2,77.6,88.4,85,70,5.477
"Mexico",2015,0.664,50,34,NA,77.8,78,NA,71.5,59.9,77.6,85.6,70,60,7.187
"Micronesia",2015,0.496,30,30,NA,93.2,0,NA,51,79.1,76.9,81,25,30,NA
"Moldova",2015,0.575,40,35,NA,85.1,51.8,NA,66.8,40.6,76.1,79.8,50,50,5.889
"Mongolia",2015,0.592,30,38,NA,83.9,35.6,NA,68.2,82.7,69.2,74.8,50,60,4.874
"Montenegro",2015,0.647,40,44,NA,92.6,36.7,NA,77.1,77.5,79.7,84.8,65,50,5.192
"Morocco",2015,0.601,40,37,NA,70.9,61,NA,68.8,33.4,81.9,78.2,70,60,5.013
"Mozambique ",2015,0.548,30,30,NA,75.2,66.5,NA,60.9,37.9,82,75.4,40,50,NA
"Namibia",2015,0.596,30,48,NA,66.7,56,NA,64.3,90.9,74.3,71.2,55,40,NA
"Nepal",2015,0.513,30,31,NA,85.6,88.9,NA,65.7,44.3,70.5,61.8,5,30,4.514
"Netherlands",2015,0.737,90,83,NA,51.8,23.8,NA,84.3,66.3,79.8,88,90,80,7.378
"New Zealand",2015,0.821,95,91,NA,70.4,43,NA,95.5,91.4,87.6,86.8,80,80,7.286
"Nicaragua ",2015,0.576,10,28,NA,78.4,76.6,NA,58,56.7,67.8,85.4,65,50,NA
"Niger",2015,0.546,30,34,NA,76.6,83.6,NA,39.2,40.9,81.3,65.6,55,40,3.845
"Nigeria",2015,0.556,30,25,NA,85.2,76.1,NA,48.3,77.7,70.4,63.8,40,40,5.268
"North Korea",2015,0.013,5,8,NA,0,0,NA,0,0,0,0,0,0,NA
"Norway",2015,0.718,90,86,NA,52.1,43.8,NA,92.1,48.2,81.7,89.4,75,60,7.522
"Oman",2015,0.667,55,47,NA,98.5,44.2,NA,68.4,76.1,76.2,76.8,65,60,6.853
"Pakistan ",2015,0.556,30,28,NA,77.7,86.1,NA,65.6,42.1,71.2,65.6,50,40,NA
"Panama ",2015,0.641,30,35,NA,84.5,78.8,NA,71.5,41.5,76.4,78.4,75,70,NA
"Papua New Guinea",2015,0.531,20,25,NA,66.9,68.7,NA,53.5,74.5,72.7,85,35,30,NA
"Paraguay ",2015,0.611,30,24,NA,96,81.9,NA,58.4,26.3,78.3,81.4,75,60,NA
"Peru",2015,0.677,40,38,NA,78.6,88.5,NA,67.7,63.4,83.9,87,70,60,5.824
"Philippines",2015,0.622,30,36,NA,79.1,89.3,NA,55.3,58.2,78.8,75.4,60,60,5.073
"Poland",2015,0.686,60,60,NA,82.1,47.1,NA,67.3,60.4,81.3,88,70,70,5.791
"Portugal",2015,0.653,70,62,NA,61.1,28.8,NA,87.5,42.9,82.8,88,70,60,5.102
"Qatar",2015,0.708,70,68,NA,99.7,71.9,NA,70.5,71.2,79.7,81.8,45,50,6.611
"Republic of Congo ",2015,0.427,10,22,NA,67.4,60.7,NA,36.8,36,71.6,62.4,30,30,NA
"Romania",2015,0.666,40,43,NA,86.9,62.3,NA,69.8,68.6,77.3,88,80,50,5.124
"Russia",2015,0.521,20,28,NA,86.1,57.8,NA,76.3,58.9,63.9,75,25,30,5.716
"Rwanda",2015,0.648,30,53,NA,80.2,79.2,NA,59.5,84.5,76,80.8,65,40,3.465
"Saint Lucia",2015,0.702,70,71,NA,77.7,65.8,NA,75.6,79.8,85.5,72,65,40,NA
"Saint Vincent and the Grenadines",2015,0.68,70,62,NA,73.3,75.3,NA,70.8,78.2,82.3,68.4,60,40,NA
"Samoa",2015,0.619,60,38,NA,80.2,46.5,NA,73.6,78.4,81.2,75.8,55,30,NA
"São Tomé and Príncipe ",2015,0.533,25,42,NA,87.8,41.4,NA,65.1,45.8,70.7,75.2,50,30,NA
"Saudi Arabia",2015,0.621,40,46,NA,99.7,61.9,NA,65.8,72.7,68.4,76.4,40,50,6.411
"Senegal",2015,0.578,40,41,NA,71.3,74.6,NA,54.6,39.5,83,74,60,40,3.904
"Serbia ",2015,0.6,45,42,NA,82.4,27.1,NA,57.8,70.4,72.2,78.2,75,50,NA
"Seychelles",2015,0.575,50,54,NA,79.8,59.4,NA,67.7,63.9,76,44,50,30,NA
"Sierra Leone",2015,0.517,10,30,NA,80.8,87.5,NA,53.4,41.6,68.5,70.2,55,20,4.507
"Singapore",2015,0.894,90,86,NA,91.2,93.8,NA,96.9,96.9,83.7,90,85,80,6.798
"Slovakia",2015,0.672,50,47,NA,80.8,55.1,NA,69.6,56.5,75.5,88,80,70,5.995
"Slovenia",2015,0.603,60,57,NA,58.1,0,NA,81.2,57.1,81.3,88,70,50,5.848
"Solomon Islands",2015,0.47,30,25,NA,61.1,25.7,NA,67.7,68.6,74.3,73,15,30,NA
"Somalia",2015,NA,NA,8,NA,NA,NA,NA,NA,NA,NA,NA,NA,NA,NA
"South Africa",2015,0.626,50,42,NA,69.5,68.2,NA,73,61.6,74.9,76.6,50,60,4.642
"South Korea",2015,0.715,75,55,NA,72.5,67.9,NA,89.7,51.1,81.6,72.6,70,80,5.984
"Spain",2015,0.676,70,59,NA,53.1,39.8,NA,77.5,52.6,81.3,88,85,70,6.329
"Sri Lanka",2015,0.586,35,37,NA,85,88.4,NA,72.5,58.7,68.2,71.6,30,40,4.271
"Sudan",2015,NA,NA,11,NA,86.4,94.5,NA,49,43.8,52.8,55.6,15,NA,4.55
"Suriname",2015,0.542,35,36,NA,69.3,73.8,NA,42.2,81.9,77.2,66.2,30,30,6.269
"Sweden",2015,0.727,90,89,NA,43,19.2,NA,87.9,54,85.5,88,90,80,7.364
"Switzerland",2015,0.805,90,85,NA,70.3,65.1,NA,78.1,75.3,86.3,90,85,80,7.587
"Syria",2015,NA,10,17,NA,NA,NA,NA,57.3,49.1,NA,NA,0,20,3.006
"Taiwan",2015,0.751,70,61,NA,80.4,87.1,NA,92.4,55.2,83.3,86.4,75,60,6.298
"Tajikistan",2015,0.527,20,22,NA,92.1,81.9,NA,65.4,46.4,69.6,74.6,25,30,4.786
"Tanzania",2015,0.575,30,33,NA,79.9,79.3,NA,45,61.4,69.7,67,60,50,3.781
"Thailand ",2015,0.624,40,35,NA,81.5,81.4,NA,72.5,63.5,69.9,75.4,45,60,NA
"The Bahamas",2015,0.687,70,71,NA,97.8,83.2,NA,68.9,75.3,78.8,52.2,30,60,NA
"The Gambia",2015,0.575,25,28,NA,75.4,73.4,NA,55.7,66.7,70.8,65,65,50,NA
"Timor-Leste",2015,0.455,20,30,NA,64.7,0,NA,59.8,72,68.7,79.6,40,20,NA
"Togo",2015,0.53,30,29,NA,69.7,78.1,NA,51.9,43.4,80.4,67.8,50,30,2.839
"Tonga",2015,0.593,20,28.6,NA,87.2,79,NA,74.1,92.1,73.5,78.4,40,20,NA
"Trinidad and Tobago",2015,0.641,50,38,NA,79,69.3,NA,65.3,76.6,74.3,78.6,60,50,6.168
"Tunisia",2015,0.577,40,41,NA,74.3,70.8,NA,81.2,69.1,74.8,61.2,35,30,4.739
"Turkey",2015,0.632,45,50,NA,76.1,57.6,NA,61,50.2,72.4,84.6,75,60,5.332
"Turkmenistan",2015,0.414,5,17,NA,94,93.5,NA,30,20,64.2,80,0,10,5.548
"Uganda",2015,0.597,25,26,NA,73.3,89,NA,43.3,87.5,76.3,76.6,60,40,3.931
"Ukraine",2015,0.469,20,25,NA,78.7,28,NA,59.3,48.2,78.6,85.8,15,30,4.681
"United Arab Emirates",2015,0.724,55,69,NA,99.5,85.8,NA,74.7,83.8,83.8,82.4,40,50,6.901
"United Kingdom",2015,0.758,90,76,NA,62.9,30.3,NA,91.1,75.6,74.4,88,90,80,6.867
"United States",2015,0.762,80,73,NA,66.2,51.8,NA,88.8,98.5,76.6,87,70,70,7.119
"Uruguay ",2015,0.686,70,73,NA,77.1,65.1,NA,72.6,64.3,71.6,81.8,80,30,NA
"Uzbekistan",2015,0.47,15,17,NA,90.2,67.3,NA,73.1,64.2,63.5,69.8,0,10,6.003
"Vanuatu",2015,0.611,40,33.5,NA,97.2,83.8,NA,51.5,46.4,82.9,75.4,60,40,NA
"Venezuela ",2015,0.343,5,20,NA,75,52,NA,41.6,24.2,42.8,62.8,0,20,NA
"Vietnam",2015,0.517,15,31,NA,79.1,77.1,NA,61.5,62.9,66.8,78.6,15,30,5.36
"Yemen",2015,0.537,30,18,NA,91.5,59.9,NA,54,57.1,68.5,77.6,50,30,4.077
"Zambia",2015,0.587,30,38,NA,71.9,78,NA,68.2,46,73.2,76.8,55,50,5.129
"Zimbabwe",2015,0.376,10,21,NA,66.6,74.2,NA,37.1,23.7,75.4,58.4,0,10,4.61
